島村卯月,小日向美穂,三村かな子,渋谷凛,多田李衣菜,神崎蘭子,本田未央,城ヶ崎美嘉,城ヶ崎莉嘉
島村卯月,渋谷凛,本田未央,双葉杏,諸星きらり
神崎蘭子,アナスタシア,高垣楓,輿水幸子,渋谷凛
渋谷凛,鷺沢文香,高垣楓,安部菜々,緒方智絵里,島村卯月,本田未央,姫川友紀,高森藍子
渋谷凛,安部菜々,緒方智絵里,島村卯月,本田未央
塩見周子,高垣楓,渋谷凛,前川みく,一ノ瀬志希,島村卯月,相葉夕美,城ヶ崎美嘉,向井拓海
塩見周子,前川みく,高垣楓,相葉夕美,一ノ瀬志希
二宮飛鳥,神崎蘭子,城ヶ崎美嘉,前川みく,一ノ瀬志希
大槻唯,渋谷凛,島村卯月,本田未央,上条春菜
一ノ瀬志希,塩見周子,速水奏,宮本フレデリカ,城ヶ崎美嘉
赤城みりあ,龍崎薫,佐々木千枝,櫻井桃華,市原仁奈
相葉夕美,高森藍子,新田美波,橘ありす,鷺沢文香
松永涼,藤本里奈,向井拓海,木村夏樹,大和亜季
北条加蓮,小日向美穂,多田李衣菜,緒方智絵里,佐久間まゆ
上田鈴帆,日野茜,川島瑞樹,堀裕子,難波笑美
川島瑞樹,緒方智絵里,城ヶ崎莉嘉,北条加蓮,大槻唯
佐藤心,安部菜々,高垣楓,片桐早苗,三船美優
島村卯月,渋谷凛,本田未央,双葉杏,三村かな子,城ヶ崎莉嘉,神崎蘭子,前川みく,諸星きらり,多田李衣菜,赤城みりあ,新田美波,緒方智絵里,アナスタシア
島村卯月,渋谷凛,本田未央,双葉杏,三村かな子,城ヶ崎莉嘉,神崎蘭子,前川みく,諸星きらり,多田李衣菜,赤城みりあ,新田美波,緒方智絵里,アナスタシア
島村卯月,本田未央,渋谷凛
島村卯月,渋谷凛,本田未央,双葉杏,三村かな子,城ヶ崎莉嘉,神崎蘭子,前川みく,諸星きらり,多田李衣菜,赤城みりあ,新田美波,緒方智絵里,アナスタシア
島村卯月,渋谷凛,本田未央,双葉杏,三村かな子,城ヶ崎莉嘉,神崎蘭子,前川みく,諸星きらり,多田李衣菜,赤城みりあ,新田美波,緒方智絵里,アナスタシア
島村卯月,渋谷凛,本田未央,双葉杏,三村かな子,城ヶ崎莉嘉,神崎蘭子,前川みく,諸星きらり,多田李衣菜,赤城みりあ,新田美波,緒方智絵里,アナスタシア
島村卯月,本田未央,渋谷凛
島村卯月,渋谷凛,本田未央,赤城みりあ,アナスタシア,緒方智絵里,神崎蘭子,城ヶ崎莉嘉,多田李衣菜,新田美波,双葉杏,前川みく,三村かな子,諸星きらり
神谷奈緒,島村卯月,渋谷凛,本田未央,北条加蓮
三村かな子,佐久間まゆ,水本ゆかり,小早川紗枝,速水奏
白坂小梅,前川みく,川島瑞樹,三村かな子
城ヶ崎美嘉,渋谷凛,島村卯月,本田未央,多田李衣菜
及川雫,十時愛梨,森久保乃々,三村かな子,椎名法子
島村卯月,渋谷凛,本田未央,双葉杏,三村かな子,城ヶ崎莉嘉,神崎蘭子,前川みく,諸星きらり,多田李衣菜,赤城みりあ,新田美波,緒方智絵里,アナスタシア
三村かな子,輿水幸子,佐久間まゆ,緒方智絵里,小早川紗枝,川島瑞樹,白坂小梅,アナスタシア,神谷奈緒,北条加蓮,十時愛梨,日野茜,高森藍子,星輝子,堀裕子
中野有香,一ノ瀬志希,五十嵐響子,櫻井桃華,宮本フレデリカ,塩見周子,橘ありす,鷺沢文香,速水奏,二宮飛鳥,市原仁奈,大槻唯,片桐早苗,姫川友紀,相葉夕美
小日向美穂,島村卯月,五十嵐響子
島村卯月
前川みく
緒方智絵里
双葉杏
三村かな子
小日向美穂
佐久間まゆ
小早川紗枝
安部菜々
宮本フレデリカ
一ノ瀬志希
中野有香
櫻井桃華
緒方智絵里,双葉杏,三村かな子
多田李衣菜,前川みく
双葉杏,小日向美穂,島村卯月,前川みく,安部菜々
小日向美穂,安部菜々,島村卯月,双葉杏,前川みく
三村かな子,輿水幸子,緒方智絵里,佐久間まゆ,小早川紗枝
三村かな子,輿水幸子,緒方智絵里,佐久間まゆ,小早川紗枝
櫻井桃華,一ノ瀬志希,中野有香,五十嵐響子,宮本フレデリカ
櫻井桃華,中野有香,一ノ瀬志希,五十嵐響子,宮本フレデリカ
多田李衣菜,木村夏樹
渋谷凛
多田李衣菜
神崎蘭子
新田美波
アナスタシア
川島瑞樹
鷺沢文香
速水奏
神谷奈緒
北条加蓮
白坂小梅
塩見周子
橘ありす
新田美波,アナスタシア
神崎蘭子
神谷奈緒,渋谷凛,北条加蓮
小早川紗枝,星輝子,輿水幸子,白坂小梅,姫川友紀
新田美波,渋谷凛,神崎蘭子,多田李衣菜,高垣楓
渋谷凛,高垣楓,神崎蘭子,新田美波,多田李衣菜
白坂小梅,川島瑞樹,アナスタシア,北条加蓮,神谷奈緒
白坂小梅,川島瑞樹,アナスタシア,北条加蓮,神谷奈緒
塩見周子,橘ありす,二宮飛鳥,鷺沢文香,速水奏
鷺沢文香,二宮飛鳥,橘ありす,塩見周子,速水奏
本田未央
城ヶ崎莉嘉
諸星きらり
赤城みりあ
城ヶ崎美嘉
十時愛梨
木村夏樹
高森藍子
日野茜
星輝子
片桐早苗
姫川友紀
堀裕子
城ヶ崎莉嘉,諸星きらり,赤城みりあ
及川雫,日野茜,脇山珠美,高森藍子,道明寺歌鈴
赤城みりあ,城ヶ崎莉嘉,本田未央,城ヶ崎美嘉,諸星きらり
城ヶ崎莉嘉,諸星きらり,赤城みりあ,本田未央,城ヶ崎美嘉
十時愛梨,堀裕子,日野茜,高森藍子,星輝子
十時愛梨,堀裕子,日野茜,高森藍子,星輝子
大槻唯,姫川友紀,市原仁奈,片桐早苗,相葉夕美
相葉夕美,姫川友紀,市原仁奈,大槻唯,片桐早苗
